fra;semaine;cl_age90;Nb_tests_PCR_TA_crible;Prc_tests_PCR_TA_crible;Nb_susp_501Y_V1;Prc_susp_501Y_V1;Nb_susp_501Y_V2_3;Prc_susp_501Y_V2_3;Nb_susp_IND;Prc_susp_IND;Nb_susp_ABS;Prc_susp_ABS
FR;2021-02-12-2021-02-18;09;3579;56.4;1904;53.2;145;4.1;378;10.6;1152;32.2
FR;2021-02-12-2021-02-18;19;10522;53.3;5348;50.8;500;4.8;872;8.3;3802;36.1
FR;2021-02-12-2021-02-18;29;11728;49.5;5700;48.6;598;5.1;982;8.4;4448;37.9
FR;2021-02-12-2021-02-18;39;12340;50.6;6281;50.9;551;4.5;995;8.1;4513;36.6
FR;2021-02-12-2021-02-18;49;12444;52.2;6248;50.2;513;4.1;971;7.8;4712;37.9
FR;2021-02-12-2021-02-18;59;11202;52.7;5246;46.8;455;4.1;971;8.7;4530;40.4
FR;2021-02-12-2021-02-18;69;8048;53.3;3515;43.7;385;4.8;664;8.3;3484;43.3
FR;2021-02-12-2021-02-18;79;5181;52.3;1907;36.8;164;3.2;500;9.7;2610;50.4
FR;2021-02-12-2021-02-18;89;4335;53.4;1315;30.3;137;3.2;469;10.8;2414;55.7
FR;2021-02-12-2021-02-18;90;2419;53.8;689;28.5;75;3.1;250;10.3;1405;58.1
FR;2021-02-13-2021-02-19;09;3830;60.1;2011;52.5;153;4;418;10.9;1248;32.6
FR;2021-02-13-2021-02-19;19;11472;56.7;5780;50.4;568;5;936;8.2;4188;36.5
FR;2021-02-13-2021-02-19;29;12970;52.9;6292;48.5;676;5.2;1143;8.8;4859;37.5
FR;2021-02-13-2021-02-19;39;13370;53.4;6709;50.2;605;4.5;1125;8.4;4931;36.9
FR;2021-02-13-2021-02-19;49;13589;55.1;6797;50;588;4.3;1100;8.1;5104;37.6
FR;2021-02-13-2021-02-19;59;12341;56.2;5821;47.2;552;4.5;1066;8.6;4902;39.7
FR;2021-02-13-2021-02-19;69;8827;56.7;3846;43.6;454;5.1;780;8.8;3747;42.4
FR;2021-02-13-2021-02-19;79;5628;55.6;2128;37.8;190;3.4;537;9.5;2773;49.3
FR;2021-02-13-2021-02-19;89;4654;56.9;1417;30.4;150;3.2;514;11;2573;55.3
FR;2021-02-13-2021-02-19;90;2508;56.1;705;28.1;86;3.4;265;10.6;1452;57.9
FR;2021-02-14-2021-02-20;09;3923;61.4;2086;53.2;163;4.2;415;10.6;1259;32.1
FR;2021-02-14-2021-02-20;19;11873;58;5986;50.4;634;5.3;970;8.2;4283;36.1
FR;2021-02-14-2021-02-20;29;13392;53.9;6551;48.9;710;5.3;1164;8.7;4967;37.1
FR;2021-02-14-2021-02-20;39;13837;54.5;6951;50.2;637;4.6;1159;8.4;5090;36.8
FR;2021-02-14-2021-02-20;49;14057;56;7078;50.4;613;4.4;1119;8;5247;37.3
FR;2021-02-14-2021-02-20;59;12828;57.2;6098;47.5;592;4.6;1095;8.5;5043;39.3
FR;2021-02-14-2021-02-20;69;9087;57.6;4008;44.1;479;5.3;792;8.7;3808;41.9
FR;2021-02-14-2021-02-20;79;5851;56.9;2223;38;198;3.4;561;9.6;2869;49
FR;2021-02-14-2021-02-20;89;4755;57.9;1481;31.1;162;3.4;515;10.8;2597;54.6
FR;2021-02-14-2021-02-20;90;2558;57.4;740;28.9;84;3.3;266;10.4;1468;57.4
FR;2021-02-15-2021-02-21;09;3951;61.4;2107;53.3;166;4.2;419;10.6;1259;31.9
FR;2021-02-15-2021-02-21;19;11936;58.1;6029;50.5;642;5.4;978;8.2;4287;35.9
FR;2021-02-15-2021-02-21;29;13514;54.1;6615;48.9;715;5.3;1191;8.8;4993;36.9
FR;2021-02-15-2021-02-21;39;13887;54.5;6995;50.4;634;4.6;1170;8.4;5088;36.6
FR;2021-02-15-2021-02-21;49;14175;56.2;7170;50.6;624;4.4;1128;8;5253;37.1
FR;2021-02-15-2021-02-21;59;12923;57.5;6164;47.7;592;4.6;1101;8.5;5066;39.2
FR;2021-02-15-2021-02-21;69;9156;57.9;4057;44.3;466;5.1;806;8.8;3827;41.8
FR;2021-02-15-2021-02-21;79;5924;57.2;2264;38.2;201;3.4;578;9.8;2881;48.6
FR;2021-02-15-2021-02-21;89;4820;58.6;1517;31.5;164;3.4;524;10.9;2615;54.3
FR;2021-02-15-2021-02-21;90;2588;58.4;756;29.2;90;3.5;282;10.9;1460;56.4
FR;2021-02-16-2021-02-22;09;4019;61.4;2190;54.5;162;4;420;10.5;1247;31
FR;2021-02-16-2021-02-22;19;12482;59;6496;52;656;5.3;1031;8.3;4299;34.4
FR;2021-02-16-2021-02-22;29;14376;55.2;7343;51.1;733;5.1;1263;8.8;5037;35
FR;2021-02-16-2021-02-22;39;14553;55.3;7589;52.1;663;4.6;1239;8.5;5062;34.8
FR;2021-02-16-2021-02-22;49;14887;57.3;7901;53.1;644;4.3;1228;8.2;5114;34.4
FR;2021-02-16-2021-02-22;59;13743;58.3;6816;49.6;644;4.7;1160;8.4;5123;37.3
FR;2021-02-16-2021-02-22;69;9637;59.1;4481;46.5;515;5.3;853;8.9;3788;39.3
FR;2021-02-16-2021-02-22;79;6117;57.6;2496;40.8;225;3.7;624;10.2;2772;45.3
FR;2021-02-16-2021-02-22;89;4838;59.1;1684;34.8;149;3.1;531;11;2474;51.1
FR;2021-02-16-2021-02-22;90;2542;59.4;804;31.6;86;3.4;289;11.4;1363;53.6
FR;2021-02-17-2021-02-23;09;4107;62.1;2288;55.7;186;4.5;416;10.1;1217;29.6
FR;2021-02-17-2021-02-23;19;12876;60;6893;53.5;702;5.5;1050;8.2;4231;32.9
FR;2021-02-17-2021-02-23;29;14944;55.9;7826;52.4;787;5.3;1346;9;4985;33.4
FR;2021-02-17-2021-02-23;39;15078;56.1;8095;53.7;733;4.9;1297;8.6;4953;32.8
FR;2021-02-17-2021-02-23;49;15413;58;8385;54.4;701;4.5;1261;8.2;5066;32.9
FR;2021-02-17-2021-02-23;59;14270;59;7365;51.6;684;4.8;1215;8.5;5006;35.1
FR;2021-02-17-2021-02-23;69;9991;59.6;4875;48.8;547;5.5;890;8.9;3679;36.8
FR;2021-02-17-2021-02-23;79;6431;58.6;2774;43.1;246;3.8;671;10.4;2740;42.6
FR;2021-02-17-2021-02-23;89;4821;59.4;1811;37.6;150;3.1;547;11.3;2313;48
FR;2021-02-17-2021-02-23;90;2502;60.1;810;32.4;96;3.8;276;11;1320;52.8
FR;2021-02-18-2021-02-24;09;4251;63.4;2427;57.1;190;4.5;416;9.8;1218;28.7
FR;2021-02-18-2021-02-24;19;13199;60.6;7264;55;741;5.6;1004;7.6;4190;31.7
FR;2021-02-18-2021-02-24;29;15303;56.2;8316;54.3;824;5.4;1340;8.8;4823;31.5
FR;2021-02-18-2021-02-24;39;15324;56.4;8430;55;754;4.9;1329;8.7;4811;31.4
FR;2021-02-18-2021-02-24;49;15778;58.8;8802;55.8;754;4.8;1274;8.1;4948;31.4
FR;2021-02-18-2021-02-24;59;14614;59.5;7806;53.4;730;5;1184;8.1;4894;33.5
FR;2021-02-18-2021-02-24;69;10316;60.4;5266;51;542;5.3;920;8.9;3588;34.8
FR;2021-02-18-2021-02-24;79;6607;59.1;3048;46.1;245;3.7;667;10.1;2647;40.1
FR;2021-02-18-2021-02-24;89;4807;59.9;1906;39.7;152;3.2;541;11.3;2208;45.9
FR;2021-02-18-2021-02-24;90;2392;58.9;826;34.5;84;3.5;255;10.7;1227;51.3
FR;2021-02-19-2021-02-25;09;4350;64;2545;58.5;191;4.4;419;9.6;1195;27.5
FR;2021-02-19-2021-02-25;19;13517;61.4;7657;56.6;744;5.5;1033;7.6;4083;30.2
FR;2021-02-19-2021-02-25;29;15555;56.8;8675;55.8;850;5.5;1394;9;4636;29.8
FR;2021-02-19-2021-02-25;39;15576;56.8;8832;56.7;751;4.8;1334;8.6;4659;29.9
FR;2021-02-19-2021-02-25;49;15848;59.1;9032;57;780;4.9;1312;8.3;4724;29.8
FR;2021-02-19-2021-02-25;59;14927;59.9;8216;55;765;5.1;1191;8;4755;31.9
FR;2021-02-19-2021-02-25;69;10561;60.8;5531;52.4;597;5.7;922;8.7;3511;33.2
FR;2021-02-19-2021-02-25;79;6681;59;3199;47.9;238;3.6;694;10.4;2550;38.2
FR;2021-02-19-2021-02-25;89;4698;60.1;1958;41.7;158;3.4;507;10.8;2075;44.2
FR;2021-02-19-2021-02-25;90;2310;59.1;839;36.3;84;3.6;255;11;1132;49
FR;2021-02-20-2021-02-26;09;4497;64.9;2688;59.8;236;5.2;411;9.1;1162;25.8
FR;2021-02-20-2021-02-26;19;13712;62.1;7947;58;828;6;1066;7.8;3871;28.2
FR;2021-02-20-2021-02-26;29;15594;57;8953;57.4;895;5.7;1348;8.6;4398;28.2
FR;2021-02-20-2021-02-26;39;15649;57.2;9111;58.2;803;5.1;1328;8.5;4407;28.2
FR;2021-02-20-2021-02-26;49;15930;59.4;9324;58.5;823;5.2;1273;8;4510;28.3
FR;2021-02-20-2021-02-26;59;15010;59.9;8506;56.7;789;5.3;1147;7.6;4568;30.4
FR;2021-02-20-2021-02-26;69;10605;61;5770;54.4;576;5.4;863;8.1;3396;32
FR;2021-02-20-2021-02-26;79;6737;59.2;3323;49.3;278;4.1;702;10.4;2434;36.1
FR;2021-02-20-2021-02-26;89;4641;59.5;2042;44;166;3.6;496;10.7;1937;41.7
FR;2021-02-20-2021-02-26;90;2233;58.5;848;38;87;3.9;235;10.5;1063;47.6
FR;2021-02-21-2021-02-27;09;4524;64.8;2751;60.8;232;5.1;416;9.2;1125;24.9
FR;2021-02-21-2021-02-27;19;13744;61.9;8082;58.8;815;5.9;1069;7.8;3778;27.5
FR;2021-02-21-2021-02-27;29;15744;57.2;9165;58.2;927;5.9;1369;8.7;4283;27.2
FR;2021-02-21-2021-02-27;39;15626;57.2;9199;58.9;832;5.3;1324;8.5;4271;27.3
FR;2021-02-21-2021-02-27;49;16049;59.6;9470;59;868;5.4;1269;7.9;4442;27.7
FR;2021-02-21-2021-02-27;59;15025;60.1;8611;57.3;813;5.4;1153;7.7;4448;29.6
FR;2021-02-21-2021-02-27;69;10738;61.4;5869;54.7;619;5.8;875;8.1;3375;31.4
FR;2021-02-21-2021-02-27;79;6756;59.3;3410;50.5;293;4.3;688;10.2;2365;35
FR;2021-02-21-2021-02-27;89;4620;59.6;2072;44.8;161;3.5;494;10.7;1893;41
FR;2021-02-21-2021-02-27;90;2218;58.7;847;38.2;93;4.2;240;10.8;1038;46.8
FR;2021-02-22-2021-02-28;09;4512;64.7;2740;60.7;230;5.1;417;9.2;1125;24.9
FR;2021-02-22-2021-02-28;19;13789;61.9;8111;58.8;815;5.9;1076;7.8;3787;27.5
FR;2021-02-22-2021-02-28;29;15777;57.2;9201;58.3;927;5.9;1378;8.7;4271;27.1
FR;2021-02-22-2021-02-28;39;15688;57.4;9249;59;840;5.4;1331;8.5;4268;27.2
FR;2021-02-22-2021-02-28;49;16057;59.7;9475;59;877;5.5;1276;7.9;4429;27.6
FR;2021-02-22-2021-02-28;59;15029;60.1;8639;57.5;820;5.5;1137;7.6;4433;29.5
FR;2021-02-22-2021-02-28;69;10739;61.4;5892;54.9;618;5.8;865;8.1;3364;31.3
FR;2021-02-22-2021-02-28;79;6732;59.1;3423;50.8;294;4.4;665;9.9;2350;34.9
FR;2021-02-22-2021-02-28;89;4605;59.6;2087;45.3;166;3.6;485;10.5;1867;40.5
FR;2021-02-22-2021-02-28;90;2206;58.7;855;38.8;92;4.2;232;10.5;1027;46.6
FR;2021-02-23-2021-03-01;09;4547;65.2;2845;62.6;226;5;414;9.1;1062;23.4
FR;2021-02-23-2021-03-01;19;13936;61.9;8487;60.9;844;6.1;1059;7.6;3546;25.4
FR;2021-02-23-2021-03-01;29;15850;57.8;9590;60.5;928;5.9;1369;8.6;3963;25
FR;2021-02-23-2021-03-01;39;15779;58.3;9664;61.2;888;5.6;1318;8.4;3909;24.8
FR;2021-02-23-2021-03-01;49;16042;60.4;9785;61;895;5.6;1199;7.5;4163;26
FR;2021-02-23-2021-03-01;59;14915;60.6;8948;60;856;5.7;1133;7.6;3978;26.7
FR;2021-02-23-2021-03-01;69;10828;61.5;6151;56.8;645;6;850;7.9;3182;29.4
FR;2021-02-23-2021-03-01;79;6755;59.8;3617;53.5;295;4.4;631;9.3;2212;32.7
FR;2021-02-23-2021-03-01;89;4441;59.4;2091;47.1;160;3.6;470;10.6;1720;38.7
FR;2021-02-23-2021-03-01;90;2022;58.5;830;41;81;4;217;10.7;894;44.2
FR;2021-02-24-2021-03-02;09;4597;65.6;2954;64.3;217;4.7;433;9.4;993;21.6
FR;2021-02-24-2021-03-02;19;13966;61.8;8735;62.5;802;5.7;1072;7.7;3357;24
FR;2021-02-24-2021-03-02;29;15995;58.1;9949;62.2;898;5.6;1376;8.6;3772;23.6
FR;2021-02-24-2021-03-02;39;15669;58.3;9844;62.8;887;5.7;1302;8.3;3636;23.2
FR;2021-02-24-2021-03-02;49;15872;60.4;9918;62.5;860;5.4;1214;7.6;3880;24.4
FR;2021-02-24-2021-03-02;59;14784;60.5;9046;61.2;831;5.6;1109;7.5;3798;25.7
FR;2021-02-24-2021-03-02;69;10812;61.2;6307;58.3;630;5.8;850;7.9;3025;28
FR;2021-02-24-2021-03-02;79;6633;59.2;3716;56;283;4.3;605;9.1;2029;30.6
FR;2021-02-24-2021-03-02;89;4348;58.5;2101;48.3;166;3.8;459;10.6;1622;37.3
FR;2021-02-24-2021-03-02;90;1907;57.7;841;44.1;73;3.8;216;11.3;777;40.7
FR;2021-02-25-2021-03-03;09;4584;64.7;3002;65.5;207;4.5;437;9.5;938;20.5
FR;2021-02-25-2021-03-03;19;14055;61.6;9035;64.3;768;5.5;1096;7.8;3156;22.5
FR;2021-02-25-2021-03-03;29;16049;58.2;10222;63.7;857;5.3;1400;8.7;3570;22.2
FR;2021-02-25-2021-03-03;39;15714;58.4;10075;64.1;890;5.7;1317;8.4;3432;21.8
FR;2021-02-25-2021-03-03;49;15737;60.2;10108;64.2;817;5.2;1205;7.7;3607;22.9
FR;2021-02-25-2021-03-03;59;14617;60.1;9129;62.5;807;5.5;1092;7.5;3589;24.6
FR;2021-02-25-2021-03-03;69;10683;60.8;6345;59.4;630;5.9;842;7.9;2866;26.8
FR;2021-02-25-2021-03-03;79;6533;58.5;3726;57;298;4.6;600;9.2;1909;29.2
FR;2021-02-25-2021-03-03;89;4180;57.3;2090;50;157;3.8;447;10.7;1486;35.6
FR;2021-02-25-2021-03-03;90;1809;57.2;830;45.9;77;4.3;216;11.9;686;37.9
FR;2021-02-26-2021-03-04;09;4669;64.9;3114;66.7;214;4.6;461;9.9;880;18.8
FR;2021-02-26-2021-03-04;19;14084;61.5;9263;65.8;759;5.4;1096;7.8;2966;21.1
FR;2021-02-26-2021-03-04;29;16195;58.3;10581;65.3;836;5.2;1405;8.7;3373;20.8
FR;2021-02-26-2021-03-04;39;15598;58.4;10147;65.1;899;5.8;1318;8.4;3234;20.7
FR;2021-02-26-2021-03-04;49;15746;60.5;10333;65.6;804;5.1;1206;7.7;3403;21.6
FR;2021-02-26-2021-03-04;59;14412;60.1;9167;63.6;770;5.3;1128;7.8;3347;23.2
FR;2021-02-26-2021-03-04;69;10595;60.9;6406;60.5;600;5.7;840;7.9;2749;25.9
FR;2021-02-26-2021-03-04;79;6441;58.6;3804;59.1;291;4.5;562;8.7;1784;27.7
FR;2021-02-26-2021-03-04;89;4095;56.9;2111;51.6;159;3.9;453;11.1;1372;33.5
FR;2021-02-26-2021-03-04;90;1713;56.8;828;48.3;73;4.3;206;12;606;35.4
FR;2021-02-27-2021-03-05;09;4752;64.5;3183;67;200;4.2;517;10.9;852;17.9
FR;2021-02-27-2021-03-05;19;14238;61.6;9555;67.1;702;4.9;1159;8.1;2822;19.8
FR;2021-02-27-2021-03-05;29;16301;58.2;10871;66.7;783;4.8;1453;8.9;3194;19.6
FR;2021-02-27-2021-03-05;39;15634;58.5;10392;66.5;881;5.6;1322;8.5;3039;19.4
FR;2021-02-27-2021-03-05;49;15570;60.1;10404;66.8;770;4.9;1210;7.8;3186;20.5
FR;2021-02-27-2021-03-05;59;14337;60;9297;64.8;725;5.1;1170;8.2;3145;21.9
FR;2021-02-27-2021-03-05;69;10565;61;6529;61.8;599;5.7;862;8.2;2575;24.4
FR;2021-02-27-2021-03-05;79;6425;58.3;3905;60.8;265;4.1;570;8.9;1685;26.2
FR;2021-02-27-2021-03-05;89;4018;57.2;2140;53.3;149;3.7;435;10.8;1294;32.2
FR;2021-02-27-2021-03-05;90;1685;58.5;838;49.7;70;4.2;208;12.3;569;33.8
FR;2021-02-28-2021-03-06;09;4783;63.9;3197;66.8;214;4.5;523;10.9;849;17.8
FR;2021-02-28-2021-03-06;19;14375;61.5;9748;67.8;691;4.8;1177;8.2;2759;19.2
FR;2021-02-28-2021-03-06;29;16361;58;10998;67.2;768;4.7;1477;9;3118;19.1
FR;2021-02-28-2021-03-06;39;15793;58.7;10639;67.4;863;5.5;1325;8.4;2966;18.8
FR;2021-02-28-2021-03-06;49;15567;59.7;10562;67.8;743;4.8;1221;7.8;3041;19.5
FR;2021-02-28-2021-03-06;59;14366;59.7;9456;65.8;717;5;1171;8.2;3022;21
FR;2021-02-28-2021-03-06;69;10528;60.6;6617;62.9;563;5.3;867;8.2;2481;23.6
FR;2021-02-28-2021-03-06;79;6459;58.5;3963;61.4;260;4;604;9.4;1632;25.3
FR;2021-02-28-2021-03-06;89;4003;57.2;2156;53.9;162;4;438;10.9;1247;31.2
FR;2021-02-28-2021-03-06;90;1676;58.6;846;50.5;69;4.1;205;12.2;556;33.2
FR;2021-03-01-2021-03-07;09;4813;64;3235;67.2;213;4.4;517;10.7;848;17.6
FR;2021-03-01-2021-03-07;19;14388;61.5;9792;68.1;692;4.8;1156;8;2748;19.1
FR;2021-03-01-2021-03-07;29;16332;58;11012;67.4;771;4.7;1459;8.9;3090;18.9
FR;2021-03-01-2021-03-07;39;15767;58.5;10650;67.5;859;5.4;1316;8.3;2942;18.7
FR;2021-03-01-2021-03-07;49;15565;59.7;10595;68.1;732;4.7;1213;7.8;3025;19.4
FR;2021-03-01-2021-03-07;59;14362;59.7;9452;65.8;712;5;1183;8.2;3015;21
FR;2021-03-01-2021-03-07;69;10492;60.6;6614;63;559;5.3;871;8.3;2448;23.3
FR;2021-03-01-2021-03-07;79;6449;58.8;3974;61.6;253;3.9;608;9.4;1614;25
FR;2021-03-01-2021-03-07;89;3992;57.3;2162;54.2;163;4.1;435;10.9;1232;30.9
FR;2021-03-01-2021-03-07;90;1659;58.6;846;51;66;4;202;12.2;545;32.9
FR;2021-03-02-2021-03-08;09;5021;64.5;3420;68.1;239;4.8;547;10.9;815;16.2
FR;2021-03-02-2021-03-08;19;14722;61.4;10220;69.4;662;4.5;1273;8.6;2567;17.4
FR;2021-03-02-2021-03-08;29;16688;58.1;11426;68.5;800;4.8;1558;9.3;2904;17.4
FR;2021-03-02-2021-03-08;39;15967;58.5;11038;69.1;798;5;1359;8.5;2772;17.4
FR;2021-03-02-2021-03-08;49;15886;59.9;11064;69.6;720;4.5;1320;8.3;2782;17.5
FR;2021-03-02-2021-03-08;59;14514;59.8;9765;67.3;669;4.6;1270;8.8;2810;19.4
FR;2021-03-02-2021-03-08;69;10421;60.8;6762;64.9;526;5;903;8.7;2230;21.4
FR;2021-03-02-2021-03-08;79;6473;59.3;4115;63.6;267;4.1;596;9.2;1495;23.1
FR;2021-03-02-2021-03-08;89;3934;58.6;2155;54.8;176;4.5;433;11;1170;29.7
FR;2021-03-02-2021-03-08;90;1619;59.2;846;52.3;69;4.3;197;12.2;507;31.3
FR;2021-03-03-2021-03-09;09;5257;64.7;3598;68.4;257;4.9;568;10.8;834;15.9
FR;2021-03-03-2021-03-09;19;15237;61.5;10677;70.1;673;4.4;1346;8.8;2541;16.7
FR;2021-03-03-2021-03-09;29;16894;58.2;11727;69.4;830;4.9;1598;9.5;2739;16.2
FR;2021-03-03-2021-03-09;39;16134;58.6;11259;69.8;773;4.8;1415;8.8;2687;16.7
FR;2021-03-03-2021-03-09;49;16194;60;11426;70.6;731;4.5;1367;8.4;2670;16.5
FR;2021-03-03-2021-03-09;59;14665;59.9;10041;68.5;707;4.8;1286;8.8;2631;17.9
FR;2021-03-03-2021-03-09;69;10626;61.5;6982;65.7;529;5;939;8.8;2176;20.5
FR;2021-03-03-2021-03-09;79;6444;60;4142;64.3;290;4.5;588;9.1;1424;22.1
FR;2021-03-03-2021-03-09;89;3957;60.2;2232;56.4;175;4.4;432;10.9;1118;28.3
FR;2021-03-03-2021-03-09;90;1545;60;819;53;65;4.2;200;12.9;461;29.8
FR;2021-03-04-2021-03-10;09;5557;65.4;3824;68.8;282;5.1;601;10.8;850;15.3
FR;2021-03-04-2021-03-10;19;15689;61.4;11139;71;718;4.6;1388;8.8;2444;15.6
FR;2021-03-04-2021-03-10;29;17366;58.1;12206;70.3;875;5;1656;9.5;2629;15.1
FR;2021-03-04-2021-03-10;39;16504;58.6;11670;70.7;829;5;1437;8.7;2568;15.6
FR;2021-03-04-2021-03-10;49;16710;60.2;11895;71.2;791;4.7;1406;8.4;2618;15.7
FR;2021-03-04-2021-03-10;59;15015;60.4;10423;69.4;750;5;1363;9.1;2479;16.5
FR;2021-03-04-2021-03-10;69;10781;61.8;7209;66.9;540;5;952;8.8;2080;19.3
FR;2021-03-04-2021-03-10;79;6500;60.5;4249;65.4;288;4.4;608;9.4;1355;20.8
FR;2021-03-04-2021-03-10;89;4065;61.7;2368;58.3;188;4.6;436;10.7;1073;26.4
FR;2021-03-04-2021-03-10;90;1562;61.7;870;55.7;64;4.1;195;12.5;433;27.7
FR;2021-03-05-2021-03-11;09;5879;65;4080;69.4;300;5.1;675;11.5;824;14
FR;2021-03-05-2021-03-11;19;16309;60.2;11798;72.3;759;4.7;1425;8.7;2327;14.3
FR;2021-03-05-2021-03-11;29;18034;56.8;12883;71.4;929;5.2;1719;9.5;2503;13.9
FR;2021-03-05-2021-03-11;39;17144;57.7;12285;71.7;844;4.9;1512;8.8;2503;14.6
FR;2021-03-05-2021-03-11;49;17237;59.2;12438;72.2;835;4.8;1445;8.4;2519;14.6
FR;2021-03-05-2021-03-11;59;15521;60;10924;70.4;775;5;1421;9.2;2401;15.5
FR;2021-03-05-2021-03-11;69;11010;60.9;7485;68;579;5.3;968;8.8;1978;18
FR;2021-03-05-2021-03-11;79;6649;60.2;4378;65.8;327;4.9;652;9.8;1292;19.4
FR;2021-03-05-2021-03-11;89;4113;62.3;2445;59.4;187;4.5;461;11.2;1020;24.8
FR;2021-03-05-2021-03-11;90;1565;62.1;907;58;66;4.2;191;12.2;401;25.6
FR;2021-03-06-2021-03-12;09;6267;64.6;4442;70.9;328;5.2;701;11.2;796;12.7
FR;2021-03-06-2021-03-12;19;17034;58.9;12517;73.5;779;4.6;1448;8.5;2290;13.4
FR;2021-03-06-2021-03-12;29;18741;55.8;13554;72.3;990;5.3;1768;9.4;2429;13
FR;2021-03-06-2021-03-12;39;17775;56.5;12855;72.3;873;4.9;1617;9.1;2430;13.7
FR;2021-03-06-2021-03-12;49;17941;58.5;13128;73.2;864;4.8;1507;8.4;2442;13.6
FR;2021-03-06-2021-03-12;59;15888;59;11345;71.4;800;5;1453;9.1;2290;14.4
FR;2021-03-06-2021-03-12;69;11277;60.1;7838;69.5;567;5;976;8.7;1896;16.8
FR;2021-03-06-2021-03-12;79;6713;60.3;4495;67;329;4.9;651;9.7;1238;18.4
FR;2021-03-06-2021-03-12;89;4188;62.6;2521;60.2;201;4.8;474;11.3;992;23.7
FR;2021-03-06-2021-03-12;90;1580;62.2;930;58.9;76;4.8;196;12.4;378;23.9
FR;2021-03-07-2021-03-13;09;6526;64.3;4673;71.6;326;5;753;11.5;774;11.9
FR;2021-03-07-2021-03-13;19;17409;57.8;12836;73.7;803;4.6;1487;8.5;2283;13.1
FR;2021-03-07-2021-03-13;29;19035;54.6;13839;72.7;1013;5.3;1786;9.4;2397;12.6
FR;2021-03-07-2021-03-13;39;18152;55.3;13175;72.6;909;5;1654;9.1;2414;13.3
FR;2021-03-07-2021-03-13;49;18283;57.6;13438;73.5;880;4.8;1553;8.5;2412;13.2
FR;2021-03-07-2021-03-13;59;16209;57.7;11620;71.7;828;5.1;1476;9.1;2285;14.1
FR;2021-03-07-2021-03-13;69;11433;59.3;8007;70;574;5;994;8.7;1858;16.3
FR;2021-03-07-2021-03-13;79;6789;59.5;4595;67.7;330;4.9;640;9.4;1224;18
FR;2021-03-07-2021-03-13;89;4233;62.7;2582;61;198;4.7;476;11.2;977;23.1
FR;2021-03-07-2021-03-13;90;1590;61.7;952;59.9;74;4.7;199;12.5;365;23
FR;2021-03-08-2021-03-14;09;6571;64.2;4704;71.6;327;5;769;11.7;771;11.7
FR;2021-03-08-2021-03-14;19;17508;57.7;12909;73.7;802;4.6;1518;8.7;2279;13
FR;2021-03-08-2021-03-14;29;19174;54.4;13958;72.8;1013;5.3;1809;9.4;2394;12.5
FR;2021-03-08-2021-03-14;39;18344;55.2;13333;72.7;903;4.9;1680;9.2;2428;13.2
FR;2021-03-08-2021-03-14;49;18446;57.4;13586;73.7;883;4.8;1573;8.5;2404;13
FR;2021-03-08-2021-03-14;59;16329;57.6;11720;71.8;852;5.2;1486;9.1;2271;13.9
FR;2021-03-08-2021-03-14;69;11495;59.2;8069;70.2;571;5;999;8.7;1856;16.1
FR;2021-03-08-2021-03-14;79;6864;59.4;4651;67.8;341;5;646;9.4;1226;17.9
FR;2021-03-08-2021-03-14;89;4224;62.3;2591;61.3;198;4.7;480;11.4;955;22.6
FR;2021-03-08-2021-03-14;90;1591;61.6;954;60;75;4.7;201;12.6;361;22.7
FR;2021-03-09-2021-03-15;09;7078;63.4;5096;72;329;4.6;860;12.2;793;11.2
FR;2021-03-09-2021-03-15;19;18369;56.8;13733;74.8;869;4.7;1556;8.5;2211;12
FR;2021-03-09-2021-03-15;29;19914;52.7;14690;73.8;1058;5.3;1836;9.2;2330;11.7
FR;2021-03-09-2021-03-15;39;19320;53.5;14322;74.1;959;5;1693;8.8;2346;12.1
FR;2021-03-09-2021-03-15;49;19214;55.8;14386;74.9;912;4.7;1594;8.3;2322;12.1
FR;2021-03-09-2021-03-15;59;17044;56.1;12488;73.3;887;5.2;1489;8.7;2180;12.8
FR;2021-03-09-2021-03-15;69;12022;58;8657;72;603;5;996;8.3;1766;14.7
FR;2021-03-09-2021-03-15;79;7072;58.6;4892;69.2;337;4.8;695;9.8;1148;16.2
FR;2021-03-09-2021-03-15;89;4388;61.9;2764;63;205;4.7;494;11.3;925;21.1
FR;2021-03-09-2021-03-15;90;1674;61.8;1014;60.6;76;4.5;215;12.8;369;22
FR;2021-03-10-2021-03-16;09;7489;62.3;5459;72.9;326;4.4;919;12.3;785;10.5
FR;2021-03-10-2021-03-16;19;19122;55.8;14413;75.4;908;4.7;1632;8.5;2169;11.3
FR;2021-03-10-2021-03-16;29;20637;51.6;15402;74.6;1096;5.3;1846;8.9;2293;11.1
FR;2021-03-10-2021-03-16;39;20055;52.5;15049;75;996;5;1699;8.5;2311;11.5
FR;2021-03-10-2021-03-16;49;19898;54.9;15029;75.5;953;4.8;1660;8.3;2256;11.3
FR;2021-03-10-2021-03-16;59;17590;55.5;13047;74.2;897;5.1;1513;8.6;2133;12.1
FR;2021-03-10-2021-03-16;69;12295;57.1;8939;72.7;657;5.3;1016;8.3;1683;13.7
FR;2021-03-10-2021-03-16;79;7148;57.8;5030;70.4;341;4.8;707;9.9;1070;15
FR;2021-03-10-2021-03-16;89;4362;61.1;2816;64.6;204;4.7;488;11.2;854;19.6
FR;2021-03-10-2021-03-16;90;1694;61.3;1043;61.6;78;4.6;218;12.9;355;21
FR;2021-03-11-2021-03-17;09;7763;61.8;5737;73.9;331;4.3;951;12.3;744;9.6
FR;2021-03-11-2021-03-17;19;19849;55.8;15027;75.7;910;4.6;1753;8.8;2159;10.9
FR;2021-03-11-2021-03-17;29;21246;51.8;16011;75.4;1117;5.3;1936;9.1;2182;10.3
FR;2021-03-11-2021-03-17;39;20728;52.7;15711;75.8;978;4.7;1772;8.5;2267;10.9
FR;2021-03-11-2021-03-17;49;20538;55;15650;76.2;964;4.7;1730;8.4;2194;10.7
FR;2021-03-11-2021-03-17;59;18079;55.6;13529;74.8;913;5.1;1525;8.4;2112;11.7
FR;2021-03-11-2021-03-17;69;12654;57.6;9280;73.3;676;5.3;1055;8.3;1643;13
FR;2021-03-11-2021-03-17;79;7250;58.2;5147;71;357;4.9;702;9.7;1044;14.4
FR;2021-03-11-2021-03-17;89;4392;61;2889;65.8;199;4.5;496;11.3;808;18.4
FR;2021-03-11-2021-03-17;90;1719;61.4;1079;62.8;73;4.2;230;13.4;337;19.6
FR;2021-03-12-2021-03-18;09;8159;61.5;6083;74.6;331;4.1;982;12;763;9.4
FR;2021-03-12-2021-03-18;19;20400;56.1;15560;76.3;908;4.5;1818;8.9;2114;10.4
FR;2021-03-12-2021-03-18;29;21434;52.3;16229;75.7;1098;5.1;1968;9.2;2139;10
FR;2021-03-12-2021-03-18;39;21174;53.1;16163;76.3;992;4.7;1842;8.7;2177;10.3
FR;2021-03-12-2021-03-18;49;20838;55.4;16003;76.8;946;4.5;1787;8.6;2102;10.1
FR;2021-03-12-2021-03-18;59;18405;55.9;13896;75.5;943;5.1;1531;8.3;2035;11.1
FR;2021-03-12-2021-03-18;69;13105;58.6;9710;74.1;696;5.3;1102;8.4;1597;12.2
FR;2021-03-12-2021-03-18;79;7322;58.5;5256;71.8;340;4.6;695;9.5;1031;14.1
FR;2021-03-12-2021-03-18;89;4424;61.1;2986;67.5;194;4.4;463;10.5;781;17.7
FR;2021-03-12-2021-03-18;90;1755;61.6;1133;64.6;70;4;233;13.3;319;18.2
FR;2021-03-13-2021-03-19;09;8565;61.4;6375;74.4;323;3.8;1092;12.7;775;9
FR;2021-03-13-2021-03-19;19;21005;56.5;16098;76.6;910;4.3;1908;9.1;2089;9.9
FR;2021-03-13-2021-03-19;29;21654;52.9;16452;76;1109;5.1;2036;9.4;2057;9.5
FR;2021-03-13-2021-03-19;39;21698;53.7;16701;77;979;4.5;1879;8.7;2139;9.9
FR;2021-03-13-2021-03-19;49;21238;55.7;16382;77.1;952;4.5;1878;8.8;2026;9.5
FR;2021-03-13-2021-03-19;59;18757;56.5;14286;76.2;941;5;1564;8.3;1966;10.5
FR;2021-03-13-2021-03-19;69;13335;59.1;9979;74.8;732;5.5;1138;8.5;1486;11.1
FR;2021-03-13-2021-03-19;79;7430;58.9;5379;72.4;333;4.5;712;9.6;1006;13.5
FR;2021-03-13-2021-03-19;89;4437;61;3054;68.8;191;4.3;470;10.6;722;16.3
FR;2021-03-13-2021-03-19;90;1779;61.2;1182;66.4;61;3.4;230;12.9;306;17.2
FR;2021-03-14-2021-03-20;09;8699;61.3;6504;74.8;332;3.8;1075;12.4;788;9.1
FR;2021-03-14-2021-03-20;19;21321;56.7;16385;76.8;919;4.3;1923;9;2094;9.8
FR;2021-03-14-2021-03-20;29;21657;53.2;16527;76.3;1094;5.1;2028;9.4;2008;9.3
FR;2021-03-14-2021-03-20;39;21868;54.2;16922;77.4;969;4.4;1888;8.6;2089;9.6
FR;2021-03-14-2021-03-20;49;21511;56.1;16653;77.4;966;4.5;1912;8.9;1980;9.2
FR;2021-03-14-2021-03-20;59;18783;56.7;14361;76.5;923;4.9;1579;8.4;1920;10.2
FR;2021-03-14-2021-03-20;69;13503;59.6;10137;75.1;744;5.5;1141;8.4;1481;11
FR;2021-03-14-2021-03-20;79;7453;59.2;5410;72.6;335;4.5;732;9.8;976;13.1
FR;2021-03-14-2021-03-20;89;4431;61.3;3056;69;190;4.3;468;10.6;717;16.2
FR;2021-03-14-2021-03-20;90;1777;61;1182;66.5;63;3.5;224;12.6;308;17.3
FR;2021-03-15-2021-03-21;09;8720;61.2;6515;74.7;334;3.8;1083;12.4;788;9
FR;2021-03-15-2021-03-21;19;21337;56.6;16400;76.9;919;4.3;1938;9.1;2080;9.7
FR;2021-03-15-2021-03-21;29;21623;53.2;16496;76.3;1094;5.1;2031;9.4;2002;9.3
FR;2021-03-15-2021-03-21;39;21879;54.2;16923;77.3;981;4.5;1904;8.7;2071;9.5
FR;2021-03-15-2021-03-21;49;21504;56.1;16658;77.5;961;4.5;1916;8.9;1969;9.2
FR;2021-03-15-2021-03-21;59;18781;56.7;14370;76.5;906;4.8;1582;8.4;1923;10.2
FR;2021-03-15-2021-03-21;69;13519;59.5;10153;75.1;742;5.5;1152;8.5;1472;10.9
FR;2021-03-15-2021-03-21;79;7464;59.2;5411;72.5;332;4.4;741;9.9;980;13.1
FR;2021-03-15-2021-03-21;89;4446;61.5;3074;69.1;182;4.1;471;10.6;719;16.2
FR;2021-03-15-2021-03-21;90;1777;60.8;1182;66.5;61;3.4;223;12.5;311;17.5
FR;2021-03-16-2021-03-22;09;9068;60.4;6810;75.1;346;3.8;1158;12.8;754;8.3
FR;2021-03-16-2021-03-22;19;22121;56.5;17105;77.3;895;4;2081;9.4;2040;9.2
FR;2021-03-16-2021-03-22;29;21720;53.5;16737;77.1;1071;4.9;2060;9.5;1852;8.5
FR;2021-03-16-2021-03-22;39;22250;54.3;17221;77.4;1023;4.6;2028;9.1;1978;8.9
FR;2021-03-16-2021-03-22;49;22099;56;17228;78;1010;4.6;2008;9.1;1853;8.4
FR;2021-03-16-2021-03-22;59;19113;56.9;14766;77.3;909;4.8;1619;8.5;1819;9.5
FR;2021-03-16-2021-03-22;69;13735;59.7;10370;75.5;747;5.4;1230;9;1388;10.1
FR;2021-03-16-2021-03-22;79;7502;59;5510;73.4;338;4.5;713;9.5;941;12.5
FR;2021-03-16-2021-03-22;89;4427;61.5;3165;71.5;170;3.8;468;10.6;624;14.1
FR;2021-03-16-2021-03-22;90;1783;60.5;1230;69;58;3.3;229;12.8;266;14.9
FR;2021-03-17-2021-03-23;09;9508;61.1;7151;75.2;352;3.7;1261;13.3;744;7.8
FR;2021-03-17-2021-03-23;19;23155;57.2;18074;78.1;942;4.1;2156;9.3;1983;8.6
FR;2021-03-17-2021-03-23;29;22096;54.3;17076;77.3;1050;4.8;2162;9.8;1808;8.2
FR;2021-03-17-2021-03-23;39;22992;55;17905;77.9;1021;4.4;2142;9.3;1924;8.4
FR;2021-03-17-2021-03-23;49;22931;56.8;18038;78.7;1022;4.5;2068;9;1803;7.9
FR;2021-03-17-2021-03-23;59;19695;57.5;15299;77.7;905;4.6;1696;8.6;1795;9.1
FR;2021-03-17-2021-03-23;69;14084;60.4;10741;76.3;738;5.2;1249;8.9;1356;9.6
FR;2021-03-17-2021-03-23;79;7753;59.8;5733;73.9;354;4.6;734;9.5;932;12
FR;2021-03-17-2021-03-23;89;4449;61.6;3201;71.9;176;4;483;10.9;589;13.2
FR;2021-03-17-2021-03-23;90;1822;61.1;1269;69.6;68;3.7;238;13.1;247;13.6
FR;2021-03-18-2021-03-24;09;9869;60.8;7488;75.9;357;3.6;1287;13;737;7.5
FR;2021-03-18-2021-03-24;19;23991;56.7;18932;78.9;948;4;2170;9;1941;8.1
FR;2021-03-18-2021-03-24;29;22264;53.6;17344;77.9;1040;4.7;2060;9.3;1820;8.2
FR;2021-03-18-2021-03-24;39;23572;54.7;18530;78.6;1042;4.4;2129;9;1871;7.9
FR;2021-03-18-2021-03-24;49;23421;56.4;18624;79.5;1024;4.4;2039;8.7;1734;7.4
FR;2021-03-18-2021-03-24;59;20199;57.2;15817;78.3;920;4.6;1717;8.5;1745;8.6
FR;2021-03-18-2021-03-24;69;14313;60;11070;77.3;728;5.1;1226;8.6;1289;9
FR;2021-03-18-2021-03-24;79;7978;59.9;5970;74.8;343;4.3;759;9.5;906;11.4
FR;2021-03-18-2021-03-24;89;4532;61.5;3305;72.9;179;3.9;491;10.8;557;12.3
FR;2021-03-18-2021-03-24;90;1845;61.3;1294;70.1;78;4.2;243;13.2;230;12.5
FR;2021-03-19-2021-03-25;09;9996;59.6;7636;76.4;358;3.6;1310;13.1;692;6.9
FR;2021-03-19-2021-03-25;19;24430;55.3;19361;79.3;954;3.9;2215;9.1;1900;7.8
FR;2021-03-19-2021-03-25;29;22272;52.1;17468;78.4;1060;4.8;2026;9.1;1718;7.7
FR;2021-03-19-2021-03-25;39;23664;53.2;18720;79.1;1024;4.3;2140;9;1780;7.5
FR;2021-03-19-2021-03-25;49;23633;54.9;18905;80;1030;4.4;2017;8.5;1681;7.1
FR;2021-03-19-2021-03-25;59;20243;55.6;15982;79;898;4.4;1702;8.4;1661;8.2
FR;2021-03-19-2021-03-25;69;14172;58.1;11038;77.9;697;4.9;1214;8.6;1223;8.6
FR;2021-03-19-2021-03-25;79;7923;58.7;5979;75.5;336;4.2;751;9.5;857;10.8
FR;2021-03-19-2021-03-25;89;4493;60;3311;73.7;179;4;494;11;509;11.3
FR;2021-03-19-2021-03-25;90;1824;60.1;1253;68.7;85;4.7;253;13.9;233;12.8
FR;2021-03-20-2021-03-26;09;10288;59.5;7928;77.1;380;3.7;1296;12.6;684;6.6
FR;2021-03-20-2021-03-26;19;25489;54.9;20433;80.2;995;3.9;2218;8.7;1843;7.2
FR;2021-03-20-2021-03-26;29;22559;51.5;17900;79.3;1026;4.5;1970;8.7;1663;7.4
FR;2021-03-20-2021-03-26;39;24125;52.8;19264;79.9;1052;4.4;2106;8.7;1703;7.1
FR;2021-03-20-2021-03-26;49;24274;54.6;19570;80.6;1058;4.4;1976;8.1;1670;6.9
FR;2021-03-20-2021-03-26;59;20656;55.2;16452;79.6;934;4.5;1675;8.1;1595;7.7
FR;2021-03-20-2021-03-26;69;14429;57.6;11309;78.4;697;4.8;1186;8.2;1237;8.6
FR;2021-03-20-2021-03-26;79;8031;58.4;6168;76.8;342;4.3;718;8.9;803;10
FR;2021-03-20-2021-03-26;89;4526;59.6;3391;74.9;176;3.9;483;10.7;476;10.5
FR;2021-03-20-2021-03-26;90;1843;60;1282;69.6;82;4.4;245;13.3;234;12.7
FR;2021-03-21-2021-03-27;09;10435;59.2;8033;77;392;3.8;1329;12.7;681;6.5
FR;2021-03-21-2021-03-27;19;25781;54.3;20799;80.7;1001;3.9;2202;8.5;1779;6.9
FR;2021-03-21-2021-03-27;29;22872;51.2;18240;79.7;1021;4.5;1963;8.6;1648;7.2
FR;2021-03-21-2021-03-27;39;24341;52.3;19467;80;1066;4.4;2105;8.6;1703;7
FR;2021-03-21-2021-03-27;49;24502;54.2;19832;80.9;1065;4.3;1954;8;1651;6.7
FR;2021-03-21-2021-03-27;59;20947;55.2;16780;80.1;936;4.5;1667;8;1564;7.5
FR;2021-03-21-2021-03-27;69;14539;57.4;11447;78.7;710;4.9;1191;8.2;1191;8.2
FR;2021-03-21-2021-03-27;79;8093;58.3;6271;77.5;341;4.2;696;8.6;785;9.7
FR;2021-03-21-2021-03-27;89;4568;59.3;3450;75.5;179;3.9;481;10.5;458;10
FR;2021-03-21-2021-03-27;90;1879;60.6;1315;70;83;4.4;256;13.6;225;12
FR;2021-03-22-2021-03-28;09;10446;59.1;8052;77.1;388;3.7;1324;12.7;682;6.5
FR;2021-03-22-2021-03-28;19;25827;54.3;20859;80.8;1000;3.9;2191;8.5;1777;6.9
FR;2021-03-22-2021-03-28;29;22892;51.3;18284;79.9;1016;4.4;1947;8.5;1645;7.2
FR;2021-03-22-2021-03-28;39;24336;52.3;19499;80.1;1069;4.4;2076;8.5;1692;7
FR;2021-03-22-2021-03-28;49;24552;54.2;19880;81;1076;4.4;1941;7.9;1655;6.7
FR;2021-03-22-2021-03-28;59;20914;55.1;16771;80.2;931;4.5;1663;8;1549;7.4
FR;2021-03-22-2021-03-28;69;14549;57.4;11480;78.9;710;4.9;1177;8.1;1182;8.1
FR;2021-03-22-2021-03-28;79;8080;58.1;6285;77.8;337;4.2;690;8.5;768;9.5
FR;2021-03-22-2021-03-28;89;4591;59.4;3477;75.7;181;3.9;487;10.6;446;9.7
FR;2021-03-22-2021-03-28;90;1873;60.7;1318;70.4;85;4.5;257;13.7;213;11.4
FR;2021-03-23-2021-03-29;09;10594;58.5;8248;77.9;403;3.8;1276;12;667;6.3
FR;2021-03-23-2021-03-29;19;26629;53.9;21763;81.7;994;3.7;2136;8;1736;6.5
FR;2021-03-23-2021-03-29;29;23219;50.8;18778;80.9;1006;4.3;1869;8;1566;6.7
FR;2021-03-23-2021-03-29;39;24709;52.1;20007;81;1043;4.2;2021;8.2;1638;6.6
FR;2021-03-23-2021-03-29;49;24980;53.8;20507;82.1;1038;4.2;1822;7.3;1613;6.5
FR;2021-03-23-2021-03-29;59;21351;54.9;17318;81.1;947;4.4;1590;7.4;1496;7
FR;2021-03-23-2021-03-29;69;14747;57.1;11765;79.8;714;4.8;1136;7.7;1132;7.7
FR;2021-03-23-2021-03-29;79;8175;57.9;6403;78.3;336;4.1;692;8.5;744;9.1
FR;2021-03-23-2021-03-29;89;4698;59.6;3580;76.2;198;4.2;484;10.3;436;9.3
FR;2021-03-23-2021-03-29;90;1901;60.4;1349;71;96;5;237;12.5;219;11.5
FR;2021-03-24-2021-03-30;09;10517;56.5;8198;77.9;402;3.8;1227;11.7;690;6.6
FR;2021-03-24-2021-03-30;19;26567;52.1;21811;82.1;994;3.7;2063;7.8;1699;6.4
FR;2021-03-24-2021-03-30;29;22907;48.8;18626;81.3;1024;4.5;1759;7.7;1498;6.5
FR;2021-03-24-2021-03-30;39;24290;50.3;19818;81.6;1029;4.2;1887;7.8;1556;6.4
FR;2021-03-24-2021-03-30;49;24603;51.9;20330;82.6;1020;4.1;1688;6.9;1565;6.4
FR;2021-03-24-2021-03-30;59;21073;53.3;17237;81.8;929;4.4;1483;7;1424;6.8
FR;2021-03-24-2021-03-30;69;14447;55.1;11663;80.7;677;4.7;1064;7.4;1043;7.2
FR;2021-03-24-2021-03-30;79;8066;56.5;6383;79.1;326;4;660;8.2;697;8.6
FR;2021-03-24-2021-03-30;89;4712;58.9;3651;77.5;192;4.1;445;9.4;424;9
FR;2021-03-24-2021-03-30;90;1852;58.9;1345;72.6;93;5;215;11.6;199;10.7
FR;2021-03-25-2021-03-31;09;10260;54.8;7963;77.6;401;3.9;1208;11.8;688;6.7
FR;2021-03-25-2021-03-31;19;26131;50.2;21523;82.4;990;3.8;1993;7.6;1625;6.2
FR;2021-03-25-2021-03-31;29;22303;47;18184;81.5;1005;4.5;1703;7.6;1411;6.3
FR;2021-03-25-2021-03-31;39;23370;48.2;19125;81.8;986;4.2;1797;7.7;1462;6.3
FR;2021-03-25-2021-03-31;49;24085;50;19926;82.7;982;4.1;1652;6.9;1525;6.3
FR;2021-03-25-2021-03-31;59;20563;51.4;16931;82.3;888;4.3;1411;6.9;1333;6.5
FR;2021-03-25-2021-03-31;69;13972;53.2;11356;81.3;649;4.6;989;7.1;978;7
FR;2021-03-25-2021-03-31;79;7791;54.5;6224;79.9;316;4.1;615;7.9;636;8.2
FR;2021-03-25-2021-03-31;89;4523;57.3;3519;77.8;194;4.3;415;9.2;395;8.7
FR;2021-03-25-2021-03-31;90;1786;57;1309;73.3;87;4.9;197;11;193;10.8
FR;2021-03-26-2021-04-01;09;9760;53;7551;77.4;387;4;1151;11.8;671;6.9
FR;2021-03-26-2021-04-01;19;25273;48.7;20845;82.5;971;3.8;1913;7.6;1544;6.1
FR;2021-03-26-2021-04-01;29;21638;45.2;17700;81.8;934;4.3;1637;7.6;1367;6.3
FR;2021-03-26-2021-04-01;39;22599;46.3;18591;82.3;963;4.3;1656;7.3;1389;6.1
FR;2021-03-26-2021-04-01;49;23367;48.2;19441;83.2;940;4;1540;6.6;1446;6.2
FR;2021-03-26-2021-04-01;59;20049;49.8;16583;82.7;851;4.2;1335;6.7;1280;6.4
FR;2021-03-26-2021-04-01;69;13463;51.6;11025;81.9;621;4.6;919;6.8;898;6.7
FR;2021-03-26-2021-04-01;79;7667;53;6162;80.4;316;4.1;587;7.7;602;7.9
FR;2021-03-26-2021-04-01;89;4431;55.9;3447;77.8;190;4.3;394;8.9;400;9
FR;2021-03-26-2021-04-01;90;1776;55.5;1325;74.6;79;4.4;187;10.5;185;10.4
FR;2021-03-27-2021-04-02;09;8435;47.8;6534;77.5;325;3.9;1007;11.9;569;6.7
FR;2021-03-27-2021-04-02;19;22270;44.1;18413;82.7;842;3.8;1689;7.6;1326;6
FR;2021-03-27-2021-04-02;29;19635;40.7;16072;81.9;855;4.4;1494;7.6;1214;6.2
FR;2021-03-27-2021-04-02;39;20251;41.9;16682;82.4;875;4.3;1486;7.3;1208;6
FR;2021-03-27-2021-04-02;49;21109;43.6;17674;83.7;823;3.9;1371;6.5;1241;5.9
FR;2021-03-27-2021-04-02;59;18131;45.2;15076;83.2;748;4.1;1209;6.7;1098;6.1
FR;2021-03-27-2021-04-02;69;12045;46.8;9914;82.3;544;4.5;836;6.9;751;6.2
FR;2021-03-27-2021-04-02;79;6949;48.4;5566;80.1;292;4.2;539;7.8;552;7.9
FR;2021-03-27-2021-04-02;89;4040;51;3137;77.6;178;4.4;365;9;360;8.9
FR;2021-03-27-2021-04-02;90;1594;50.9;1186;74.4;76;4.8;174;10.9;158;9.9
FR;2021-03-28-2021-04-03;09;7653;44.7;5910;77.2;301;3.9;929;12.1;513;6.7
FR;2021-03-28-2021-04-03;19;20517;41.3;16929;82.5;783;3.8;1602;7.8;1203;5.9
FR;2021-03-28-2021-04-03;29;18240;37.9;14906;81.7;813;4.5;1401;7.7;1120;6.1
FR;2021-03-28-2021-04-03;39;18668;38.9;15398;82.5;801;4.3;1383;7.4;1086;5.8
FR;2021-03-28-2021-04-03;49;19469;40.4;16302;83.7;765;3.9;1283;6.6;1119;5.7
FR;2021-03-28-2021-04-03;59;16735;41.8;13916;83.2;690;4.1;1131;6.8;998;6
FR;2021-03-28-2021-04-03;69;11039;43.1;9103;82.5;487;4.4;766;6.9;683;6.2
FR;2021-03-28-2021-04-03;79;6398;44.9;5122;80.1;280;4.4;489;7.6;507;7.9
FR;2021-03-28-2021-04-03;89;3712;47.2;2889;77.8;165;4.4;331;8.9;327;8.8
FR;2021-03-28-2021-04-03;90;1459;47.1;1088;74.6;75;5.1;153;10.5;143;9.8
FR;2021-02-12-2021-02-18;0;81820;52.1;38167;46.6;3524;4.3;7054;8.6;33075;40.4
FR;2021-02-13-2021-02-19;0;89217;55.4;41522;46.5;4023;4.5;7886;8.8;35786;40.1
FR;2021-02-14-2021-02-20;0;92191;56.4;43218;46.9;4274;4.6;8058;8.7;36641;39.7
FR;2021-02-15-2021-02-21;0;92903;56.6;43689;47;4296;4.6;8179;8.8;36739;39.5
FR;2021-02-16-2021-02-22;0;97220;57.5;47813;49.2;4479;4.6;8641;8.9;36287;37.3
FR;2021-02-17-2021-02-23;0;100456;58.2;51134;50.9;4833;4.8;8972;8.9;35517;35.4
FR;2021-02-18-2021-02-24;0;102619;58.7;54104;52.7;5017;4.9;8934;8.7;34564;33.7
FR;2021-02-19-2021-02-25;0;104048;59.2;56497;54.3;5159;5;9064;8.7;33328;32
FR;2021-02-20-2021-02-26;0;104633;59.4;58523;55.9;5482;5.2;8873;8.5;31755;30.3
FR;2021-02-21-2021-02-27;0;105067;59.6;59487;56.6;5653;5.4;8901;8.5;31026;29.5
FR;2021-02-22-2021-02-28;0;105158;59.6;59683;56.8;5680;5.4;8866;8.4;30929;29.4
FR;2021-02-23-2021-03-01;0;105142;60.1;62020;59;5821;5.5;8664;8.2;28637;27.2
FR;2021-02-24-2021-03-02;0;104614;60;63425;60.6;5650;5.4;8640;8.3;26899;25.7
FR;2021-02-25-2021-03-03;0;103988;59.7;64573;62.1;5511;5.3;8656;8.3;25248;24.3
FR;2021-02-26-2021-03-04;0;103579;59.8;65766;63.5;5408;5.2;8681;8.4;23724;22.9
FR;2021-02-27-2021-03-05;0;103558;59.7;67134;64.8;5147;5;8910;8.6;22367;21.6
FR;2021-02-28-2021-03-06;0;103945;59.6;68203;65.6;5053;4.9;9012;8.7;21677;20.9
FR;2021-03-01-2021-03-07;0;103852;59.6;68353;65.8;5022;4.8;8964;8.6;21513;20.7
FR;2021-03-02-2021-03-08;0;105283;59.8;70833;67.3;4927;4.7;9465;9;20058;19.1
FR;2021-03-03-2021-03-09;0;106990;60;72924;68.2;5031;4.7;9750;9.1;19285;18
FR;2021-03-04-2021-03-10;0;109787;60.3;75876;69.1;5326;4.9;10054;9.2;18531;16.9
FR;2021-03-05-2021-03-11;0;113499;59.5;79647;70.2;5602;4.9;10480;9.2;17770;15.7
FR;2021-03-06-2021-03-12;0;117439;58.6;83647;71.2;5808;4.9;10802;9.2;17182;14.6
FR;2021-03-07-2021-03-13;0;119693;57.6;85738;71.6;5936;5;11029;9.2;16990;14.2
FR;2021-03-08-2021-03-14;0;120581;57.4;86497;71.7;5966;4.9;11172;9.3;16946;14.1
FR;2021-03-09-2021-03-15;0;126124;56.1;92065;73;6235;4.9;11433;9.1;16391;13
FR;2021-03-10-2021-03-16;0;130320;55.1;96253;73.9;6456;5;11701;9;15910;12.2
FR;2021-03-11-2021-03-17;0;134250;55.3;100088;74.6;6518;4.9;12152;9.1;15492;11.5
FR;2021-03-12-2021-03-18;0;137048;55.7;103047;75.2;6519;4.8;12422;9.1;15060;11
FR;2021-03-13-2021-03-19;0;139929;56.2;105913;75.7;6532;4.7;12908;9.2;14576;10.4
FR;2021-03-14-2021-03-20;0;141036;56.5;107163;76;6536;4.6;12972;9.2;14365;10.2
FR;2021-03-15-2021-03-21;0;141083;56.4;107208;76;6513;4.6;13043;9.2;14319;10.1
FR;2021-03-16-2021-03-22;0;143855;56.5;110167;76.6;6568;4.6;13598;9.5;13522;9.4
FR;2021-03-17-2021-03-23;0;148528;57.2;114512;77.1;6629;4.5;14196;9.6;13191;8.9
FR;2021-03-18-2021-03-24;0;152027;56.8;118397;77.9;6661;4.4;14127;9.3;12842;8.4
FR;2021-03-19-2021-03-25;0;152694;55.3;119678;78.4;6622;4.3;14128;9.3;12266;8
FR;2021-03-20-2021-03-26;0;156271;54.9;123727;79.2;6744;4.3;13881;8.9;11919;7.6
FR;2021-03-21-2021-03-27;0;158009;54.6;125665;79.5;6797;4.3;13851;8.8;11696;7.4
FR;2021-03-22-2021-03-28;0;158113;54.6;125937;79.6;6796;4.3;13760;8.7;11620;7.3
FR;2021-03-23-2021-03-29;0;161062;54.2;129758;80.6;6779;4.2;13269;8.2;11256;7
FR;2021-03-24-2021-03-30;0;159085;52.4;129099;81.2;6690;4.2;12494;7.9;10802;6.8
FR;2021-03-25-2021-03-31;0;154839;50.5;126102;81.4;6502;4.2;11983;7.7;10252;6.6
FR;2021-03-26-2021-04-01;0;150076;48.8;122710;81.8;6256;4.2;11323;7.5;9787;6.5
FR;2021-03-27-2021-04-02;0;134506;44.2;110292;82;5561;4.1;10172;7.6;8481;6.3
FR;2021-03-28-2021-04-03;0;123936;41;101600;82;5162;4.2;9471;7.6;7703;6.2
